ID,firstName,lastName,phone,email,memberSince
61921f30-75e2-4fc5-aff0-0a060b20aeb1,James,Smith,555-6031,james1@example.com,2024-04-09
53fb7e9d-4338-479e-90f4-3b1f1899c2e6,Maria,Johnson,555-7659,maria2@example.com,2022-01-04
3d429b80-bea6-4166-88b5-abaa8988e7f0,Robert,Williams,555-7520,robert3@example.com,2019-11-13
34a9dd8d-79d1-4075-99d6-62c90cbd193c,Patricia,Brown,555-7621,patricia4@example.com,2020-09-12
5602ea69-4697-4453-b9e5-773d206339f5,John,Jones,555-1308,john5@example.com,2021-05-04
5291b8f1-33b3-4bbf-89d4-a37bdaee4dd0,Linda,Garcia,555-3816,linda6@example.com,2025-02-08
46bf9ead-138e-4ab0-a0ac-da77bb47831a,Michael,Miller,555-6738,michael7@example.com,2025-01-09
2a1c8f4c-106d-45d6-9d3f-e15ed162b0bf,Barbara,Davis,555-9769,barbara8@example.com,2021-01-06
fc7cea60-f857-4e61-b0c0-472af3f5a752,William,Wilson,555-5365,william9@example.com,2024-06-13
03462573-52c9-4ba0-ac3c-0040bfacd345,Elizabeth,Martinez,555-7602,elizabeth10@example.com,2024-07-03
c973261d-1cb4-42d6-91b0-b9850e0b3ffa,David,Anderson,555-9622,david11@example.com,2023-12-24
e881aa0b-50ae-4fef-a8bf-f3c91cddca83,Jennifer,Taylor,555-8218,jennifer12@example.com,2019-01-26
d1f47ad8-bbfe-4446-b8c5-ce8fcc68b90b,Richard,Thomas,555-7053,richard13@example.com,2022-09-02
1610c02b-3b96-4808-9194-a88f81e325c3,Maria,Hernandez,555-6551,maria14@example.com,2022-02-19
8b9d3459-e0e5-4d7e-993b-db98f2a00f0d,Charles,Moore,555-4344,charles15@example.com,2025-05-28
669bcb4c-1065-4fe5-9cfa-73d84fa4409c,Susan,Martin,555-3318,susan16@example.com,2019-05-25
eee5c44e-416d-4b26-a4a7-3b821f31d501,Joseph,Jackson,555-3454,joseph17@example.com,2022-02-12
1698e9ba-34cd-42a2-af90-2eec9c0ca1c0,Jessica,Thompson,555-1636,jessica18@example.com,2024-02-27
1a663ddb-6cb8-4ed6-adf3-775274723860,Thomas,White,555-1387,thomas19@example.com,2023-10-02
a22b627e-9852-4dcb-9966-56a27f13c1aa,Sarah,Lopez,555-5748,sarah20@example.com,2019-03-15
51df71e8-312c-4a66-9eb9-fbc805047796,Christopher,Lee,555-9466,christopher21@example.com,2021-08-11
8f68523e-071d-48ac-80d1-b3742bf9fb4a,Karen,Gonzalez,555-5463,karen22@example.com,2022-07-19
46a09393-d775-49f5-b6c7-63bf3d01dc76,Daniel,Harris,555-8936,daniel23@example.com,2025-01-27
c0f1aef4-fec3-46e5-807c-862576b2e0e1,Lisa,Clark,555-3449,lisa24@example.com,2024-11-17
6743735a-f866-4a74-a24d-17bce48fd5df,Paul,Lewis,555-2126,paul25@example.com,2023-12-13
923c55e8-8409-40fd-b46e-f098691c560d,Nancy,Robinson,555-6137,nancy26@example.com,2019-10-10
8437853a-f91f-49ca-8eb0-58b223640e06,Mark,Walker,555-6080,mark27@example.com,2023-03-05
43d0d356-e83b-47d7-b461-4f8677ac7f49,Betty,Perez,555-6599,betty28@example.com,2023-09-07
de24a4e7-7b77-4f79-9770-04ee647bbfff,Donald,Hall,555-8006,donald29@example.com,2025-03-21
ea9b3175-c2c4-4752-82d5-b1a213753caa,Margaret,Young,555-2142,margaret30@example.com,2020-08-04
5edecd6c-e1e2-45d7-ba97-3bf29148a562,George,Allen,555-1050,george31@example.com,2024-03-27
b95151c9-e117-492c-9c6f-c37227f956d5,Sandra,Sanchez,555-5790,sandra32@example.com,2022-12-28
a87065ff-33d1-4e67-8d6b-1d95b8b5c64b,Kenneth,Wright,555-7773,kenneth33@example.com,2021-12-24
3dd609b2-ca2f-4da4-be0a-7c8fae894765,Ashley,King,555-6292,ashley34@example.com,2021-08-08
8aed77b1-bcf0-4211-aec6-037a62a416f4,Steven,Scott,555-6951,steven35@example.com,2021-06-27
c912edab-d764-4409-9f32-8ea605b2e6c3,Dorothy,Green,555-5145,dorothy36@example.com,2022-08-01
cafc015c-ada5-42b5-b359-b4d80a7f34d8,Edward,Baker,555-9674,edward37@example.com,2023-09-26
6090e415-ca12-4455-8f66-3166d484661a,Kimberly,Adams,555-1388,kimberly38@example.com,2019-09-12
a1741101-9b52-4724-85d3-72d27a051e87,Brian,Nelson,555-8612,brian39@example.com,2023-01-03
8f7b3560-2277-4cd8-9378-5f2d49fe8cbd,Emily,Carter,555-7775,emily40@example.com,2021-10-08
6c14505a-8131-47e9-9e97-c17134d5837b,Ronald,Mitchell,555-4050,ronald41@example.com,2024-07-16
c6a9572a-dc97-46eb-b6af-71acd2929586,Donna,Perez,555-6809,donna42@example.com,2019-08-04
32fc312e-99cf-4600-a830-2f42e8255820,Anthony,Roberts,555-8638,anthony43@example.com,2019-06-26
b4f222ff-5daa-4b9d-b87a-8b5ea8000634,Michelle,Turner,555-9885,michelle44@example.com,2021-01-10
70ca88f2-96b6-4b27-a37c-87a20ee775e7,Kevin,Phillips,555-1149,kevin45@example.com,2022-04-20
7621bef3-46f9-48f6-9e14-a9a5d3f28f0d,Carol,Campbell,555-4387,carol46@example.com,2021-08-15
e5af7237-1c17-4071-89ba-e44cf5dafc1d,Jason,Parker,555-4017,jason47@example.com,2021-05-17
8bfdb38d-98ef-48e6-97ba-aa3e69eaf696,Amanda,Evans,555-1901,amanda48@example.com,2021-09-11
04435338-e052-4924-9d17-84cfafb663ac,Matthew,Edwards,555-3394,matthew49@example.com,2022-03-10
a9d01179-5b80-48d0-bc3c-b46620e47548,Melissa,Collins,555-1591,melissa50@example.com,2020-12-21
